Name,Iteration_Count,Error_Final,Duration,Error_Initial,Model Flag,Duration_Log
instance_0000007000_info_o.npy,22.0,5.4924080808315094e-18,1.0017759799957275,0.00168595330360315,o,0.0017744048079804565
instance_0000007000_info_m.npy,22.0,5.6373531632836405e-18,1.1610777378082275,0.0008380455468131527,m,0.149348658104018
