Name,Iteration_Count,Error_Final,Duration,Error_Initial,Model Flag,Duration_Log
instance_0000000000_info_o.npy,166.0,2.5902938599751195e-11,5.305898189544678,6.063753025927504,o,1.668819067733623
instance_0000000000_info_m.npy,165.0,2.2710494373575863e-11,5.789677858352661,809.4266904973284,m,1.7560766524468618
