Short_Name,Iteration_Count_o,Error_Final_o,Duration_o,Error_Initial_o,Duration_Log_o,Iteration_Count_m,Error_Final_m,Duration_m,Error_Initial_m,Duration_Log_m
instance_0000000000,166.0,2.5902938599751195e-11,5.305898189544678,6.063753025927504,1.668819067733623,165.0,2.2710494373575863e-11,5.789677858352661,809.4266904973284,1.7560766524468618
