Short_Name,Iteration_Count_o,Error_Final_o,Duration_o,Error_Initial_o,Duration_Log_o,Iteration_Count_m,Error_Final_m,Duration_m,Error_Initial_m,Duration_Log_m
instance_0000007000,22.0,5.4924080808315094e-18,1.0017759799957275,0.0016859533036031,0.0017744048079804,22.0,5.637353163283641e-18,1.1610777378082275,0.0008380455468131,0.149348658104018
